[
    {
        "FirstName": "Adeepta",
        "LastName": "Shushil",
        "Gender": "male",
        "Date of Birth": "2022-06-29",
        "Religion": "Hinduism",
        "Present Address": "Nikunja-2, Khilkhet, Dhaka",
        "Username": "adeee",
        "Email": "adeepto04@gmail.com",
        "Password": "1234"
    },
    {
        "FirstName": "Adeepta",
        "LastName": "Shushil",
        "Gender": "male",
        "Date of Birth": "2022-06-29",
        "Religion": "Hinduism",
        "Present Address": "Nikunja-2, Khilkhet, Dhaka",
        "Username": "adeee",
        "Email": "adeepto04@gmail.com",
        "Password": "1234"
    },
    {
        "FirstName": "Adeepta",
        "LastName": "Shushil",
        "Gender": "male",
        "Date of Birth": "2022-06-27",
        "Religion": "Select One",
        "Present Address": "Nikunja-2, Khilkhet, Dhaka",
        "Username": "ade12",
        "Email": "adeepto04@gmail.com",
        "Password": "99999"
    },
    {
        "FirstName": "Adeepta",
        "LastName": "Shushil",
        "Gender": "male",
        "Date of Birth": "2022-08-03",
        "Religion": "Buddhism",
        "Present Address": "Nikunja-2, Khilkhet, Dhaka",
        "Username": "adee12345",
        "Email": "adeepto04@gmail.com",
        "Password": "12345"
    },
    {
        "FirstName": "Adeepta",
        "LastName": "Shushil",
        "Gender": "male",
        "Date of Birth": "2022-08-03",
        "Religion": "Buddhism",
        "Present Address": "Nikunja-2, Khilkhet, Dhaka",
        "Username": "adee12345",
        "Email": "adeepto04@gmail.com",
        "Password": "12345"
    },
    {
        "FirstName": "Adeepta",
        "LastName": "Shushil",
        "Gender": "male",
        "Date of Birth": "2022-08-06",
        "Religion": "Other",
        "Present Address": "Nikunja-2, Khilkhet, Dhaka",
        "Permanant Address": "a",
        "Phone Number": "01832420971",
        "Email Address": "adeepto04@gmail.com",
        "Username": "adeee",
        "Password": "55555",
        "Confirm Password": "55555"
    },
    {
        "FirstName": "Rahanur",
        "LastName": "Nishan",
        "Gender": "male",
        "Date of Birth": "2022-06-26",
        "Religion": "Islam",
        "Present Address": "         a   ",
        "Parmanant Address": "          a  ",
        "Phone": "01832420971",
        "Email": "nishan04@gmail.com",
        "Username": "nishan",
        "Password": "12345",
        "Confirm Password": "12345"
    }
]